SELECT * FROM user_tables;
SELECT *
  FROM all_tables;

SELECT * FROM MEMBER;
SELECT * FROM PRODUCT;
SELECT * FROM MYLIKE;

CREATE TABLE MEMBER(
M_ID VARCHAR2(20) PRIMARY KEY,
M_PW VARCHAR2(30) NOT NULL,
M_NAME VARCHAR2(20) NOT NULL,
M_EMAIL VARCHAR2(30) NOT NULL,
M_NUM VARCHAR2(20) NOT NULL,
M_REGDATE DATE NOT NULL
);

DROP TABLE MEMBER;


CREATE TABLE PRODUCT(
P_NUM NUMBER PRIMARY KEY,
P_NAME VARCHAR2(50) NOT NULL,
P_PRICE NUMBER NOT NULL,
P_INFO VARCHAR2(3000) NOT NULL,
P_FINISH NUMBER DEFAULT 0,
P_IMAGE VARCHAR2(3000) NOT NULL
);

DROP TABLE PRODUCT;


CREATE TABLE FUNDING(
F_NUM NUMBER PRIMARY KEY,
F_PID NUMBER NOT NULL,
F_AMOUNT NUMBER NOT NULL,
F_CRNAMOUNT NUMBER NOT NULL
);

DROP TABLE FUNDING;


CREATE TABLE LIST(
L_NUM NUMBER PRIMARY KEY,
L_PID NUMBER NOT NULL,
L_MID VARCHAR2(20) NOT NULL
);

DROP TABLE LIST;


CREATE TABLE MYFUNDING(
MF_NUM NUMBER PRIMARY KEY,
MF_MID VARCHAR2(20) NOT NULL,
MF_PID NUMBER NOT NULL
);

DROP TABLE MYFUNDING;

CREATE TABLE MYLIKE(
ML_NUM NUMBER PRIMARY KEY,
ML_MID VARCHAR2(20) NOT NULL,
ML_PID NUMBER NOT NULL
);

DROP TABLE MYLIKE;


CREATE TABLE CRAWLING(
C_NUM NUMBER PRIMARY KEY,
C_PID NUMBER NOT NULL,
C_INFO VARCHAR2(50) NOT NULL
);

DROP TABLE CRAWLING;

/* 내찜목록 추가 */
INSERT INTO MYLIKE VALUES
(
1, 'admin1', 1
);

INSERT INTO MYLIKE VALUES
(
2, 'admin1', 3
);

INSERT INTO MYLIKE VALUES
(
3, 'admin1', 5
);

INSERT INTO MYLIKE VALUES
(
4, 'admin2', 2
);

INSERT INTO MYLIKE VALUES
(
5, 'admin2', 4
);

INSERT INTO MYLIKE VALUES
(
6, 'admin3', 1
);

INSERT INTO MYLIKE VALUES
(
7, 'admin3', 2
);

INSERT INTO MYLIKE VALUES
(
8, 'admin3', 3
);

INSERT INTO MYLIKE VALUES
(
9, 'admin4', 2
);

INSERT INTO MYLIKE VALUES
(
10, 'admin4', 3
);

INSERT INTO MYLIKE VALUES
(
11, 'admin4', 4
);

INSERT INTO MYLIKE VALUES
(
12, 'admin5', 3
);

INSERT INTO MYLIKE VALUES
(
13, 'admin5', 4
);

INSERT INTO MYLIKE VALUES
(
14, 'admin5', 5
);
/* 내찜목록 추가 끝 */


/* 제품 추가 */
INSERT INTO PRODUCT VALUES
(
1, '사과', 1000, '사과입니다', 0, 'apple.jpg'
);

INSERT INTO PRODUCT VALUES
(
2, '바나나', 2000, '바나나입니다', 0, 'banana.jpg'
);

INSERT INTO PRODUCT VALUES
(
3, '포도', 3000, '포도입니다', 0, 'grape.jpg'
);

INSERT INTO PRODUCT VALUES
(
4, '키위', 4000, '키위입니다', 0, 'kiwi.jpg'
);

INSERT INTO PRODUCT VALUES
(
5, '오렌지', 5000, '오렌지입니다', 0, 'orange.jpg'
);

/* 제품 추가 끝 */

/* 멤버 추가 */
INSERT INTO MEMBER VALUES
(
'admin1', '1234', '관리자1', 'admin1@1234.com', 1, '2023-01-01'
);

INSERT INTO MEMBER VALUES
(
'admin2', '1234', '관리자2', 'admin2@1234.com', 2, '2023-02-02'
);

INSERT INTO MEMBER VALUES
(
'admin3', '1234', '관리자3', 'admin1@1234.com', 3, '2023-03-03'
);

INSERT INTO MEMBER VALUES
(
'admin4', '1234', '관리자4', 'admin1@1234.com', 4, '2023-04-04'
);

INSERT INTO MEMBER VALUES
(
'admin5', '1234', '관리자5', 'admin1@1234.com', 5, '2023-05-05'
);
/* 멤버 추가 끝 */

/*
 
SELECT 보여줄 데이터
FROM 메인 테이블 INNER JOIN 조인 테이블 ON 조인할기준 / 
WHERE 조건
*/

/* SELECT 보여줄 데이터 */
SELECT a.P_NUM, a.P_NAME, a.P_PRICE, a.P_INFO, a.P_FINISH, a.P_IMAGE, b.ML_MID
/* FROM 메인 테이블 INNER JOIN 조인 테이블 ON 조인할기준 */
/*   테이블   별칭           테이블   별칭   별칭.데이터  별칭.데이터 */
FROM PRODUCT a INNER JOIN MYLIKE b ON a.P_NUM = b.ML_PID
/* WHERE 조건 */
/*    별칭.데이터 */
WHERE a.P_NUM = 1;

SELECT a.P_NUM, a.P_NAME, a.P_INFO, a.P_FINISH, a.P_IMAGE, b.ML_MID
FROM PRODUCT a INNER JOIN MYLIKE b ON a.P_NUM = b.ML_PID
WHERE a.P_NUM = 2;

SELECT a.P_NUM, a.P_NAME, a.P_PRICE, a.P_FINISH, a.P_IMAGE, b.ML_MID
FROM PRODUCT a INNER JOIN MYLIKE b ON a.P_NUM = b.ML_PID
WHERE a.P_NUM = 3;

SELECT a.P_NUM, a.P_NAME, a.P_PRICE, a.P_INFO, a.P_IMAGE, b.ML_MID
FROM PRODUCT a INNER JOIN MYLIKE b ON a.P_NUM = b.ML_PID
WHERE a.P_NUM = 4;

SELECT a.P_NUM, a.P_NAME, a.P_PRICE, a.P_INFO, a.P_FINISH, b.ML_MID
FROM PRODUCT a INNER JOIN MYLIKE b ON a.P_NUM = b.ML_PID
WHERE a.P_NUM = 5;